<?xml version="1.0" encoding="UTF-8"?>
<project-private xmlns="http://www.netbeans.org/ns/project-private/1">
    <editor-bookmarks xmlns="http://www.netbeans.org/ns/editor-bookmarks/2" lastBookmarkId="0"/>
    <open-files xmlns="http://www.netbeans.org/ns/projectui-open-files/2">
        <group>
            <file>file:/C:/xampp/htdocs/PhpProject5/search.php</file>
            <file>file:/C:/xampp/htdocs/PhpProject5/see_more.php</file>
            <file>file:/C:/xampp/htdocs/PhpProject5/register.php</file>
            <file>file:/C:/xampp/htdocs/PhpProject5/components/navbar.php</file>
            <file>file:/C:/xampp/htdocs/PhpProject5/index.php</file>
            <file>file:/C:/xampp/htdocs/PhpProject5/login.php</file>
            <file>file:/C:/xampp/htdocs/PhpProject5/style.css</file>
            <file>file:/C:/xampp/htdocs/PhpProject5/about.php</file>
            <file>file:/C:/xampp/htdocs/PhpProject5/registration.php</file>
        </group>
    </open-files>
</project-private>
